,Method,Clustering,Gini_Marker_Genes,Gini_Housekeeping_Genes,Difference,KS_statistics,p-value
0,,label,0.3337519513422353,0.1721854853501724,0.1615664659920629,0.6469622331691297,1.9832433917343906e-07
1,buenrostro_gagam2_u_p,CLASS,0.3439141514330264,0.21127289729210277,0.13264125414092362,0.5197140925335652,9.030035011403648e-05
2,buenrostro_gagam2_u_l,CLASS,0.3190629265089156,0.1695559530475048,0.1495069734614108,0.5371969477446151,4.349722725693894e-05
