,Method,Clustering,Gini_Marker_Genes,Gini_Housekeeping_Genes,Difference,KS_statistics,p-value
0,,label,0.3543568100869755,0.17365669501663394,0.18070011507034156,0.5995170481985898,2.4642690258369626e-06
1,buenrostro_gagam2_n_l,CLASS,0.3448670038730839,0.17496580216304983,0.16990120171003406,0.5289094948324157,6.182182352154619e-05
2,buenrostro_gagam2_n_p,CLASS,0.30905072615241813,0.15420744001476036,0.15484328613765777,0.6274316623201005,5.829641344101688e-07
