,Method,Clustering,Gini_Marker_Genes,Gini_Housekeeping_Genes,Difference,KS_statistics,p-value
0,10k_v2_mousebrain_gagam1.n.p,CLASS,0.3481224347941111,0.12403637571540262,0.2240860590787085,0.7678511635693956,0.0
1,10k_v2_mousebrain_gagam1.n.l,CLASS,0.3653558753961096,0.12948325155347626,0.23587262384263333,0.7494663485685585,0.0
2,10k_v2_mousebrain_atac,CLASS,0.36811315424733926,0.14264003172025547,0.2254731225270838,0.7454064121881802,0.0
