,Method,Clustering,Gini_Marker_Genes,Gini_Housekeeping_Genes,Difference,KS_statistics,p-value
0,10x_v2_PBMC_atac,CLASS,0.5035827163252904,0.0929749452898007,0.4106077710354897,0.9903100775193798,3.752553823233029e-14
1,10x_v2_PBMC_gagam2.n.p,CLASS,0.4489046764295424,0.0766995123396921,0.37220516408985027,0.9896640826873385,5.639932965095795e-14
2,10x_v2_PBMC_gagam2.n.l,CLASS,0.48676409578141877,0.08531162274069419,0.40145247304072457,0.9883720930232558,1.1823875212257917e-13
