,Method,Clustering,Gini_Marker_Genes,Gini_Housekeeping_Genes,Difference,KS_statistics,p-value
0,ga_gam1,CLASS,0.3638625419896959,0.16562204740584735,0.19824049458384857,0.8691695108077361,8.271272555759879e-12
1,cicero,CLASS,0.3691027069998469,0.1396363888270772,0.22946631817276966,0.9306029579067122,2.4424906541753444e-15
2,genescoring_gam,CLASS,0.38311380532337846,0.16362833838562713,0.21948546693775134,0.8456579446340539,6.940314989378749e-11
3,ATAC_clus,CLASS,0.41793595969046127,0.17461550974203663,0.24332044994842464,0.9241562381494122,7.549516567451064e-15
4,ga_gam7,CLASS,0.37591098268548784,0.1339659637592327,0.24194501892625514,0.8521630057466235,3.8664293988688314e-11
