,Method,Clustering,Gini_Marker_Genes,Gini_Housekeeping_Genes,Difference,KS_statistics,p-value
0,ga_gam1,CLASS,0.3605185602021645,0.1633751997889221,0.1971433604132424,0.8729616989002654,5.680567127797076e-12
1,cicero,CLASS,0.36264777347094135,0.13723362391931204,0.2254141495516293,0.9226393629124005,1.0325074129013956e-14
2,genescoring_gam,CLASS,0.37777369061406946,0.16093512312247232,0.21683856749159713,0.8274554417899128,2.9935653955703856e-10
3,ATAC_clus,CLASS,0.4153941734545381,0.1724293214655224,0.2429648519890157,0.912779673871824,4.7406523151494184e-14
4,ga_gam7,CLASS,0.36848562328172674,0.13215306957684617,0.23633255370488057,0.8574720690761647,2.4101054485470286e-11
