,Method,Clustering,Gini_Marker_Genes,Gini_Housekeeping_Genes,Difference,KS_statistics,p-value
0,ga_gam1,CLASS,0.3892016645372525,0.3468941751608118,0.04230748937644074,0.29390199637023595,0.061189858391035856
1,cicero,CLASS,0.4012252159296185,0.3518609508792132,0.04936426505040531,0.33019963702359345,0.02462038798464561
2,genescoring_gam,CLASS,0.4053140407255399,0.3436258296780676,0.0616882110474723,0.3780943738656987,0.006206693675506192
3,ATAC_clus,CLASS,0.35969309703949753,0.27290357743957067,0.08678951959992687,0.3611070780399274,0.01035892193568222
4,ga_gam7,CLASS,0.4309143664801556,0.37754348366812557,0.05337088281203001,0.3676950998185118,0.008515723736736147
