,Method,Clustering,Gini_Marker_Genes,Gini_Housekeeping_Genes,Difference,KS_statistics,p-value
0,10k_v2_mousebrain_atac,CLASS,0.36635851781059486,0.14194448715950786,0.224414030651087,0.7467876276577934,0.0
1,10k_v2_mousebrain_gagam2.n.p,CLASS,0.3502547537780746,0.13396372575833432,0.21629102801974026,0.7443705005859702,0.0
2,10k_v2_mousebrain_gagam2.n.l,CLASS,0.37784088627620577,0.13252050410361257,0.2453203821725932,0.7454064121881802,0.0
