,Method,Clustering,Gini_Marker_Genes,Gini_Housekeeping_Genes,Difference,KS_statistics,p-value
0,10k_v2_mousebrain_atac,CLASS,0.3522948267290478,0.17664139101144616,0.17565343571760167,0.7206282437636029,0.0
1,10k_v2_mousebrain_gagam2.u.p,CLASS,0.38081000262177145,0.20019415591813583,0.18061584670363562,0.7694939728779507,0.0
2,10k_v2_mousebrain_gagam2.u.l,CLASS,0.36494453068625726,0.19217394685792613,0.17277058382833113,0.7516218818014399,0.0
