,Method,Clustering,Gini_Marker_Genes,Gini_Housekeeping_Genes,Difference,KS_statistics,p-value
0,ga_gam1,CLASS,0.44563241410156845,0.18412881825214816,0.2615035958494203,0.7437447195684669,1.7619239400801234e-13
1,cicero,CLASS,0.43147657575946935,0.1810110854764858,0.25046549028298354,0.7411288750243712,2.282618538629322e-13
2,genescoring_gam,CLASS,0.5204862214750671,0.31098542761076803,0.20950079386429904,0.6696237083252096,1.3400558440679333e-10
3,cicero_2,CLASS,0.41897280966780726,0.17649540602377586,0.2424774036440314,0.704133359329304,7.27129467748e-12
4,ATAC_clus,CLASS,0.4733453465529731,0.245282269837265,0.2280630767157081,0.6854487554429064,3.6472269648868405e-11
5,ga_gam7,CLASS,0.44391307467885804,0.18371122499476952,0.26020184968408855,0.7463605641125626,1.3677947663381929e-13
