,Method,Clustering,Gini_Marker_Genes,Gini_Housekeeping_Genes,Difference,KS_statistics,p-value
0,ga_gam1,CLASS,0.3923311608845878,0.16822959681971916,0.22410156406486864,0.6833972883090305,2.8754776337791554e-14
1,cicero,CLASS,0.375381418810473,0.16374453619393053,0.21163688261654245,0.6891532361217703,1.454392162258955e-14
2,genescoring_gam,CLASS,0.4681634108280425,0.2929249810021078,0.17523842982593474,0.5926579687899719,1.8781998178951653e-10
3,cicero_2,CLASS,0.3605806438495568,0.16158021367763928,0.19900043017191751,0.6741877718086468,7.849276784099857e-14
4,ATAC_clus,CLASS,0.4213031573315261,0.22927899910506716,0.19202415822645896,0.5677922742389357,1.4843118956164858e-09
5,ga_gam7,CLASS,0.39232888856597115,0.167690292550443,0.22463859601552816,0.7144282425172679,6.661338147750939e-16
