,Method,Clustering,Gini_Marker_Genes,Gini_Housekeeping_Genes,Difference,KS_statistics,p-value
0,ga_gam1,CLASS,0.38274529913392163,0.16514052828784107,0.21760477084608057,0.675620363264262,6.727951529228449e-14
1,cicero,CLASS,0.36466165109946086,0.16044026997298996,0.2042213811264709,0.651215144538245,8.397726958264684e-13
2,genescoring_gam,CLASS,0.46034444609039304,0.28913731781555635,0.1712071282748367,0.5938091583525198,1.7013090936046638e-10
3,cicero_2,CLASS,0.3507948793698514,0.15883216793506127,0.1919627114347901,0.6458429265796879,1.4278578319704138e-12
4,ATAC_clus,CLASS,0.4118601201776079,0.22570358794978318,0.18615653222782474,0.5467127142491686,7.730361351043769e-09
5,ga_gam7,CLASS,0.38250493213388437,0.16456800088589615,0.2179369312479882,0.6531337938091584,6.942224572981104e-13
