,Method,Clustering,Gini_Marker_Genes,Gini_Housekeeping_Genes,Difference,KS_statistics,p-value
0,ga_gam1,CLASS,0.49593405681567576,0.41186776081923365,0.08406629599644211,0.320467518347377,0.007513449269828221
1,cicero,CLASS,0.4902064272127851,0.40695471950233614,0.08325170771044899,0.3369726072906285,0.004142376627555233
2,genescoring_gam,CLASS,0.5610164225476889,0.49088267834264515,0.07013374420504376,0.2937845429011507,0.018336318776387972
3,cicero_2,CLASS,0.47548635257645144,0.3962451698543875,0.07924118272206393,0.3514995016761801,0.0023889521553667192
4,ATAC_clus,CLASS,0.4083618344679611,0.30195099443914536,0.10641084002881573,0.3326084986862372,0.004875299939921862
5,ga_gam7,CLASS,0.49612937305424487,0.4120006299290353,0.08412874312520957,0.32164537464890824,0.007209169412402794
