,Method,Clustering,Gini_Marker_Genes,Gini_Housekeeping_Genes,Difference,KS_statistics,p-value
0,10k_PBMC_Multiome_ChromiumX_atac,CLASS,0.5039614880171192,0.11839094658369705,0.3855705414334221,0.9892891918208374,5.455635943008019e-12
1,10k_PBMC_Multiome_ChromiumX_rna,CLASS,0.47936311248226726,0.11318885953022445,0.3661742529520428,0.9892891918208374,5.455635943008019e-12
2,10k_PBMC_Multiome_ChromiumX_gagam1.n.l,CLASS,0.4938710576170909,0.11277932515376682,0.38109173246332406,0.9902629016553067,3.2566171981329717e-12
3,10k_PBMC_Multiome_ChromiumX_gagam1.n.p,CLASS,0.4749088307846485,0.13958213287960347,0.33532669790504505,0.9876663420967219,1.1803447108604814e-11
