,Method,Clustering,Gini_Marker_Genes,Gini_Housekeeping_Genes,Difference,KS_statistics,p-value
0,10k_PBMC_Multiome_Controller_rna,CLASS,0.4997112963483432,0.09158961124986596,0.40812168509847724,0.9899350649350649,3.894773392687512e-12
1,10k_PBMC_Multiome_Controller_gagam1.n.p,CLASS,0.438364469665832,0.08363904073948392,0.35472542892634806,0.9883116883116884,8.788636485235202e-12
2,10k_PBMC_Multiome_Controller_gagam1.n.l,CLASS,0.5053054327735264,0.10197264792884878,0.4033327848446776,0.9899350649350649,3.894773392687512e-12
3,10k_PBMC_Multiome_Controller_atac,CLASS,0.517644694267746,0.09377886258859763,0.4238658316791483,0.9938311688311688,2.964295475749168e-13
