,Method,Clustering,Gini_Marker_Genes,Gini_Housekeeping_Genes,Difference,KS_statistics,p-value
0,10k_v2_mousebrain_atac,CLASS,0.37196837709683606,0.2800411825109395,0.09192719458589654,0.305576172190132,0.0013062062318823786
1,10k_v2_mousebrain_gene_scoring,CLASS,0.3519889983933985,0.26348776021912584,0.08850123817427263,0.3195650069379457,0.0006531483710803254
