,Method,Clustering,Gini_Marker_Genes,Gini_Housekeeping_Genes,Difference,KS_statistics,p-value
0,ga_gam1,CLASS,0.2653751618581577,0.10022023481784956,0.16515492704030812,0.608548931383577,2.2693824597297407e-10
1,ga_gam7,CLASS,0.2648685485932964,0.09749449435714655,0.16737405423614984,0.6584262194498415,2.671307619550589e-12
2,ATAC_clus,CLASS,0.33177888087994684,0.13385747838128137,0.19792140249866547,0.6462061560486757,8.338330026447238e-12
3,gene_scoring,CLASS,0.4289761625604556,0.2521352626412398,0.1768408999192158,0.4326106963902239,3.1280132749889056e-05
4,cicero_gam,CLASS,0.25802361698612725,0.09865963130955462,0.15936398567657262,0.6287964004499438,4.006839304793175e-11
