,Method,Clustering,Gini_Marker_Genes,Gini_Housekeeping_Genes,Difference,KS_statistics,p-value
0,ga_gam1,CLASS,0.23729173016372057,0.09527166724966597,0.1420200629140546,0.42460912400942386,4.782245231294002e-05
1,ga_gam7,CLASS,0.2345057417900565,0.0930424490631382,0.14146329272691832,0.446615977725423,1.4782909635635555e-05
2,ATAC_clus,CLASS,0.2690222862258846,0.12367160989408463,0.14535067633179996,0.42541229385307344,4.587258892241319e-05
3,gene_scoring,CLASS,0.3306353428096301,0.21964081734953347,0.11099452546009661,0.29058684943242663,0.0144481896286911
4,cicero_gam,CLASS,0.21874314347648602,0.08967110309487222,0.1290720403816138,0.44640179910044975,1.4955709564112851e-05
