,Method,Clustering,Gini_Marker_Genes,Gini_Housekeeping_Genes,Difference,KS_statistics,p-value
0,ga_gam1,CLASS,0.23254326951103746,0.09484629093735297,0.1376969785736845,0.411544227886057,9.288014101427322e-05
1,ga_gam7,CLASS,0.2300434614489493,0.09257468329785476,0.13746877815109454,0.4473656029128293,1.4185513856013188e-05
2,ATAC_clus,CLASS,0.2667179372084291,0.12305531796581592,0.1436626192426132,0.42568001713429,4.523744487416881e-05
3,gene_scoring,CLASS,0.3263558892263096,0.21837865978274434,0.10797722944356525,0.2602805739987149,0.03818080563769177
4,cicero_gam,CLASS,0.2152697147099816,0.089276311722748,0.1259934029872336,0.4351574212893553,2.7482566761438676e-05
