,Method,Clustering,Gini_Marker_Genes,Gini_Housekeeping_Genes,Difference,KS_statistics,p-value
0,ga_gam1,CLASS,0.21921228945351948,0.13983529030619105,0.07937699914732843,0.3240049751243781,0.0018480080653473507
1,ga_gam7,CLASS,0.21312820258735565,0.13627631847257327,0.07685188411478239,0.30130597014925375,0.004782277691073311
2,ATAC_clus,CLASS,0.2736347504771455,0.19564660842182263,0.0779881420553229,0.2604166666666667,0.02203176661345263
3,gene_scoring,CLASS,0.3531677190820836,0.2879811021274058,0.06518661695467781,0.15391791044776118,0.4003754167962116
4,cicero_gam,CLASS,0.20307556941553528,0.13315444739974117,0.06992112201579412,0.37764303482587064,0.00014436007689433428
