,Method,Clustering,Gini_Marker_Genes,Gini_Housekeeping_Genes,Difference,KS_statistics,p-value
0,10x_v1_PBMC_gagam1.n.p,CLASS,0.30999388529225724,0.11187918756906065,0.1981146977231966,0.9220505617977528,3.923052471765942e-08
1,10x_v1_PBMC_gagam1.n.l,CLASS,0.42113284942655366,0.15346642390704784,0.2676664255195058,0.8241372391653291,1.0782388214503058e-05
2,10x_v1_PBMC_atac,CLASS,0.3926578231031928,0.18806075500116878,0.20459706810202402,0.733196227929374,0.0002352912022277609
