,Method,Clustering,Gini_Marker_Genes,Gini_Housekeeping_Genes,Difference,KS_statistics,p-value
0,ga_gam1,CLASS,0.35083370588626034,0.16191843396329952,0.18891527192296081,0.8040750036911265,1.639836821887286e-09
1,cicero,CLASS,0.339646609303255,0.13570497132725848,0.20394163797599654,0.8852207293666027,1.5650813978140832e-12
2,ga_gam6,CLASS,0.3463995806217745,0.12970754885146202,0.2166920317703125,0.8671785028790787,1.0057954469289143e-11
3,genescoring_gam,CLASS,0.36964145163167095,0.1602206165742747,0.20942083505739625,0.8771593090211133,3.711808638229286e-12
4,ATAC_clus,CLASS,0.4006622123726574,0.17172660340957488,0.22893560896308254,0.9374280230326295,0.0
5,ga_gam2,CLASS,0.3480246493686395,0.11438533467510974,0.23363931469352978,0.9259117082533589,5.551115123125783e-15
6,ga_gam7,CLASS,0.3463995806217745,0.12970754885146202,0.2166920317703125,0.8671785028790787,1.0057954469289143e-11
