,Method,Clustering,Gini_Marker_Genes,Gini_Housekeeping_Genes,Difference,KS_statistics,p-value
0,ga_gam1,CLASS,0.36051855963722057,0.16337520005003817,0.1971433595871824,0.8729616989002654,5.680567127797076e-12
1,cicero,CLASS,0.36264777364198203,0.13723362403236322,0.2254141496096188,0.9226393629124005,1.0325074129013956e-14
2,ga_gam6,CLASS,0.36848562376139593,0.13215306949066993,0.236332554270726,0.8574720690761647,2.4101054485470286e-11
3,genescoring_gam,CLASS,0.37777369079308115,0.16093512372786267,0.21683856706521848,0.8274554417899128,2.9935653955703856e-10
4,ATAC_clus,CLASS,0.4153941731634951,0.17242932193560545,0.24296485122788963,0.912779673871824,4.7406523151494184e-14
5,ga_gam2,CLASS,0.3743374199549162,0.11624882919614334,0.2580885907587729,0.9404626469472885,2.36207557959894e-16
6,ga_gam7,CLASS,0.36848562376139593,0.13215306949066993,0.236332554270726,0.8574720690761647,2.4101054485470286e-11
