,Method,Clustering,Gini_Marker_Genes,Gini_Housekeeping_Genes,Difference,KS_statistics,p-value
0,ga_gam1,CLASS,0.3638625426802517,0.16562204737335598,0.19824049530689572,0.8691695108077361,8.271272555759879e-12
1,cicero,CLASS,0.3691027068801093,0.13963638886687021,0.2294663180132391,0.9306029579067122,2.4424906541753444e-15
2,ga_gam6,CLASS,0.3759109825997041,0.1339659637680185,0.24194501883168562,0.8521630057466235,3.8664293988688314e-11
3,genescoring_gam,CLASS,0.38311380489276586,0.16362833836280338,0.21948546652996248,0.8456579446340539,6.940314989378749e-11
4,ATAC_clus,CLASS,0.41793595957905,0.17461550974853307,0.24332044983051693,0.9241562381494122,7.549516567451064e-15
5,ga_gam2,CLASS,0.374786357609266,0.11808790252718936,0.2566984550820766,0.9453924914675768,7.679106761922195e-17
6,ga_gam7,CLASS,0.3759109825997041,0.1339659637680185,0.24194501883168562,0.8521630057466235,3.8664293988688314e-11
