,Method,Clustering,Gini_Marker_Genes,Gini_Housekeeping_Genes,Difference,KS_statistics,p-value
0,ga_gam1,CLASS,0.3892016645372525,,,0.29355716878402904,0.06168808978814211
1,cicero,CLASS,0.4012252159296185,,,0.32985480943738654,0.024847555548237255
2,ga_gam6,CLASS,0.4309143664801556,,,0.3673502722323049,0.008604215621956124
3,genescoring_gam,CLASS,0.4053140407255399,,,0.3777495462794918,0.00627323471597796
4,ATAC_clus,CLASS,0.35969309703949753,,,0.3607622504537205,0.010464403400780697
5,ga_gam2,CLASS,0.40582469632764995,,,0.37894736842105264,0.0060413654158261165
6,ga_gam7,CLASS,0.4309143664801556,,,0.3673502722323049,0.008604215621956124
