,Method,Clustering,Gini_Marker_Genes,Gini_Housekeeping_Genes,Difference,KS_statistics,p-value
0,10k_PBMC_Multiome_Controller_rna,CLASS,0.324965950595548,0.29027419487741274,0.034691755718135264,0.30413804383382403,0.375106012539849
1,10k_PBMC_Multiome_Controller_gene_scoring,CLASS,0.3285922608924586,0.31870776642071047,0.009884494471748106,0.32274288518155053,0.3066066025109834
2,10k_PBMC_Multiome_Controller_atac,CLASS,0.2925953815884194,0.2648699018084358,0.02772547977998363,0.28815014720314036,0.4406531721586532
