,Method,Clustering,Gini_Marker_Genes,Gini_Housekeeping_Genes,Difference,KS_statistics,p-value
0,10k_PBMC_Multiome_ChromiumX_atac,CLASS,0.46546512152999986,0.1607008055934372,0.30476431593656267,0.991236611489776,1.8517409827722986e-12
1,10k_PBMC_Multiome_ChromiumX_rna,CLASS,0.4374718504596395,0.15110741219591411,0.2863644382637254,0.9902629016553067,3.2566171981329717e-12
2,10k_PBMC_Multiome_ChromiumX_gagam2.u.l,CLASS,0.49245725294691695,0.22170227297535117,0.2707549799715658,0.9896137617656605,4.6164183586938634e-12
3,10k_PBMC_Multiome_ChromiumX_gagam2.u.p,CLASS,0.5035147250981789,0.22974574750776464,0.2737689775904142,0.9889646218760143,6.41864339456788e-12
