,Method,Clustering,Gini_Marker_Genes,Gini_Housekeeping_Genes,Difference,KS_statistics,p-value
0,buenrostro_gagam1_n_l,CLASS,0.3674768407074675,0.18387528809419176,0.18360155261327574,0.5486525644740655,2.6570337049780512e-05
1,,label,0.35708617213860316,0.17665874340880092,0.18042742872980225,0.597875012073795,2.673920139750763e-06
2,buenrostro_gagam1_n_p,CLASS,0.3011734715649898,0.15248412959583202,0.14868934196915778,0.5706558485463151,9.86191863461272e-06
