,Method,Clustering,Gini_Marker_Genes,Gini_Housekeeping_Genes,Difference,KS_statistics,p-value
0,10x_v2_PBMC_atac,CLASS,0.45490006631638724,0.10428212048541571,0.3506179458309715,0.9896640826873385,5.639932965095795e-14
1,10x_v2_PBMC_gagam2.u.p,CLASS,0.5048382112775521,0.18998682769821482,0.3148513835793373,0.9886950904392765,9.880984919163893e-14
2,10x_v2_PBMC_gagam2.u.l,CLASS,0.4603675515960015,0.130529075359926,0.32983847623607554,0.9903100775193798,3.752553823233029e-14
