,Method,Clustering,Gini_Marker_Genes,Gini_Housekeeping_Genes,Difference,KS_statistics,p-value
0,10x_v1_PBMC_gagam2.u.l,CLASS,0.35918392179409697,0.17522638052432907,0.1839575412697679,0.6998896468699839,0.0005981184255939853
1,10x_v1_PBMC_atac,CLASS,0.38205381777523356,0.24100149476651586,0.1410523230087177,0.7493479133226324,0.00014439289286460877
2,10x_v1_PBMC_gagam2.u.p,CLASS,0.412546730148942,0.2539095159347724,0.1586372142141696,0.7062098715890851,0.0005046496095210129
