,Method,Clustering,Gini_Marker_Genes,Gini_Housekeeping_Genes,Difference,KS_statistics,p-value
0,10k_PBMC_Multiome_ChromiumX_atac,CLASS,0.5036957322120958,0.11768758641829836,0.3860081457937975,0.9892891918208374,5.455635943008019e-12
1,10k_PBMC_Multiome_ChromiumX_rna,CLASS,0.4789326161211105,0.11255445886535065,0.36637815725575984,0.9892891918208374,5.455635943008019e-12
2,10k_PBMC_Multiome_ChromiumX_gagam2.n.l,CLASS,0.5024199731367623,0.11181422272477587,0.3906057504119865,0.9902629016553067,3.2566171981329717e-12
3,10k_PBMC_Multiome_ChromiumX_gagam2.n.p,CLASS,0.4713873291970286,0.13183015554067626,0.3395571736563523,0.9873417721518988,1.3618994820774333e-11
