,Method,Clustering,Gini_Marker_Genes,Gini_Housekeeping_Genes,Difference,KS_statistics,p-value
0,ga_gam1,CLASS,0.3610381080604656,0.13559351769297562,0.22544459036748998,0.7393516773464003,2.5304215167665234e-08
1,ga_gam7_2.x,CLASS,0.3651896842292473,0.13698691555752154,0.22820276867172576,0.6358839050131926,5.4415808130592325e-06
2,cicero,CLASS,0.33359431369586323,0.08241360269872704,0.2511807109971362,0.8379193366000753,2.2023605161791693e-11
3,genescoring_gam,CLASS,0.3532674230292091,0.0826025867449518,0.2706648362842573,0.8213343384847342,8.819878161148154e-11
4,ATAC_clus,CLASS,0.35707171267381443,0.08625179625120967,0.2708199164226048,0.8134187712024123,1.6499657196078488e-10
5,ga_gam7_2.3,CLASS,0.35668900644941587,0.1389082334183569,0.21778077303105897,0.7434979268752356,1.9704201048575953e-08
6,ga_gam7,CLASS,0.364209029558193,0.13381703188474375,0.23039199767344926,0.7355823595929137,3.167793494185389e-08
