,Method,Clustering,Gini_Marker_Genes,Gini_Housekeeping_Genes,Difference,KS_statistics,p-value
0,ga_gam1,CLASS,0.3937159629420182,0.3008640005416244,0.09285196240039384,0.4323205414356685,0.001009498235355899
1,ga_gam7_2.x,CLASS,0.40180484964334245,0.30989117118056975,0.09191367846277271,0.43034055727554177,0.0010840750180955983
2,cicero,CLASS,0.33520866842977515,0.23350394733941043,0.10170472109036471,0.4484664122687019,0.0005560565172216814
3,genescoring_gam,CLASS,0.30767334672424484,0.20476997940543637,0.10290336731880848,0.3801029591763266,0.005831072997335429
4,ATAC_clus,CLASS,0.33437735345797975,0.20718890779108234,0.1271884456668974,0.44573043415652674,0.0006163180227732878
5,ga_gam7_2.3,CLASS,0.39573369609510484,0.3090115723127176,0.08672212378238725,0.4163546691626467,0.0017734507434904456
6,ga_gam7,CLASS,0.39773657924314887,0.30211572256636987,0.095620856676779,0.4337605299157607,0.0009581806036618179
