,Method,Clustering,Gini_Marker_Genes,Gini_Housekeeping_Genes,Difference,KS_statistics,p-value
0,10k_PBMC_Multiome_Controller_rna,CLASS,0.4944777772305827,0.10964864265950582,0.3848291345710769,0.9832227857978931,1.371680546924381e-12
1,10k_Multiome_Controller_cicero,CLASS,0.4712867292902886,0.10610122516871877,0.3651855041215698,0.9808817791650409,3.183009411600324e-12
2,10k_PBMC_Multiome_Controller_atac,CLASS,0.5136041154556581,0.11015734960758088,0.4034467658480772,0.9871244635193133,2.565725409908737e-13
