,Method,Clustering,Gini_Marker_Genes,Gini_Housekeeping_Genes,Difference,KS_statistics,p-value
0,10k_PBMC_Multiome_ChromiumX_gagam1.u.l,CLASS,0.4932200584863504,0.21566314107545728,0.27755691741089317,0.9899383317104836,3.886890809212673e-12
1,10k_PBMC_Multiome_ChromiumX_atac,CLASS,0.4654651210528578,0.16122799499322413,0.3042371260596337,0.991236611489776,1.8517409827722986e-12
2,10k_PBMC_Multiome_ChromiumX_rna,CLASS,0.43747185165269525,0.15168730514224363,0.2857845465104516,0.9902629016553067,3.2566171981329717e-12
3,10k_PBMC_Multiome_ChromiumX_gagam1.u.p,CLASS,0.4764437161188524,0.21928660253127957,0.2571571135875728,0.9870172022070757,1.5662471319899396e-11
