,Method,Clustering,Gini_Marker_Genes,Gini_Housekeeping_Genes,Difference,KS_statistics,p-value
0,ga_gam1,CLASS,0.32665804995050873,0.10022023481784956,0.22643781513265918,0.7256621331424481,1.4451263999621368e-23
1,RNA_clus,CLASS,0.4479572215990494,0.17048872586170247,0.2774684957373469,0.7804223335719399,3.169662015277424e-28
2,ga_gam7,CLASS,0.3166787889585599,0.09749449435714655,0.21918429460141334,0.692555476020043,4.105246289461809e-21
3,ATAC_clus,CLASS,0.4018145239272257,0.13385747838128137,0.26795704554594435,0.8052970651395849,1.1631120367982796e-30
4,gene_scoring,CLASS,0.4950190058605221,0.2521352626412398,0.2428837432192823,0.5243378668575519,1.326361243059182e-11
5,cicero_gam,CLASS,0.3126115861565067,0.09865963130955462,0.21395195484695206,0.7675375805297066,4.74047786201359e-27
