,Method,Clustering,Gini_Marker_Genes,Gini_Housekeeping_Genes,Difference,KS_statistics,p-value
0,ga_gam1,CLASS,0.2553596871614019,0.13983529030619105,0.11552439685521085,0.4038475077442974,3.44482725678219e-08
1,RNA_clus,CLASS,0.38028833868022727,0.23705528444875226,0.143233054231475,0.34040293813949124,6.802710986630878e-06
2,ga_gam7,CLASS,0.265735445705746,0.13627631847257327,0.1294591272331727,0.4070566976438562,2.5643343337655722e-08
3,ATAC_clus,CLASS,0.33567342675758544,0.19564660842182263,0.1400268183357628,0.3626032572984136,1.2014321341125012e-06
4,gene_scoring,CLASS,0.4149840361068636,0.2879811021274058,0.12700293397945778,0.30838730873932224,6.704751263797437e-05
5,cicero_gam,CLASS,0.2501884825612065,0.13315444739974117,0.11703403516146535,0.37521707500234674,4.241922375580742e-07
