,Method,Clustering,Gini_Marker_Genes,Gini_Housekeeping_Genes,Difference,KS_statistics,p-value
0,10k_PBMC_Multiome_ChromiumX_atac,CLASS,0.49150293140566853,0.11720307484858071,0.3742998565570878,0.985179407176287,6.217248937900877e-13
1,10k_PBMC_Multiome_ChromiumX_rna,CLASS,0.48483267297633714,0.1111285184626972,0.3737041545136399,0.9859594383775351,4.418687638008123e-13
2,10x_Multiome_ChromiumX_cicero,CLASS,0.45483353035685725,0.1071212321738555,0.34771229818300176,0.9804992199687987,3.6186609264632352e-12
