,Method,Clustering,Gini_Marker_Genes,Gini_Housekeeping_Genes,Difference,KS_statistics,p-value
0,,label,0.3348905764485252,0.17290911167917944,0.16198146476934577,0.6584564860426929,1.0286077611887379e-07
1,buenrostro_gagam1_u_p,CLASS,0.3577630336916579,0.23067642351530138,0.12708661017635653,0.5184004636337294,9.525408213495457e-05
2,buenrostro_gagam1_u_l,CLASS,0.3330997094406038,0.18016807926544098,0.1529316301751628,0.5124891335844682,0.00012086525817989191
