,Method,Clustering,Gini_Marker_Genes,Gini_Housekeeping_Genes,Difference,KS_statistics,p-value
0,10k_v2_mousebrain_atac,CLASS,0.360883984715157,0.1439472585048327,0.21693672621032428,0.7290154264972777,1.3322676295501878e-15
1,10k_v2_mousebrain_cicero,CLASS,0.34374455574395424,0.12466761332182162,0.2190769424221326,0.7525332728372656,1.3322676295501878e-15
