,Method,Clustering,Gini_Marker_Genes,Gini_Housekeeping_Genes,Difference,KS_statistics,p-value
0,10k_v2_mousebrain_gagam1.u.l,CLASS,0.37465632065261906,0.20202559128187497,0.17263072937074408,0.7757094424912104,0.0
1,10k_v2_mousebrain_atac,CLASS,0.35281292085504307,0.17683619641527032,0.17597672443977275,0.7209735476310062,0.0
2,10k_v2_mousebrain_gagam1.u.p,CLASS,0.3945987792082503,0.20383157841377608,0.19076720079447423,0.7654340364975724,0.0
