,Method,Clustering,Gini_Marker_Genes,Gini_Housekeeping_Genes,Difference,KS_statistics,p-value
0,cicero_sub,CLASS,0.3921439616202579,0.14122485265700102,0.25091910896325686,0.6856367583212735,9.272307991225975e-19
1,metadata_sub_label,CellType,0.6198813103636251,0.33627640067495074,0.2836049096886744,0.6550289435600579,6.468308406854662e-17
2,ga_gam7_sub,CLASS,0.38401779711922557,0.1402253689133147,0.24379242820591088,0.6102387843704775,1.3322676295501878e-14
3,ga_gam1_sub,CLASS,0.38401779711922557,0.1402253689133147,0.24379242820591088,0.6102387843704775,1.3322676295501878e-14
4,gene_scoring_sub,CLASS,0.605022850133206,0.34488014203270945,0.26014270810049656,0.6026410998552822,3.2085445411667024e-14
