,Method,Clustering,Gini_Marker_Genes,Gini_Housekeeping_Genes,Difference,KS_statistics,p-value
0,cicero_sub,CLASS,0.32369371147663156,0.1253520301507021,0.19834168132592947,0.6528110944527736,8.680333547252396e-17
1,metadata_sub_label,CellType,0.5129744400105876,0.29985005286129307,0.2131243871492945,0.535832083958021,4.2961079138592595e-11
2,ga_gam7_sub,CLASS,0.33674192943905623,0.12845950652847538,0.20828242291058086,0.6035607196401799,2.8199664825478976e-14
3,ga_gam1_sub,CLASS,0.33674192943905623,0.12845950652847538,0.20828242291058086,0.6035607196401799,2.8199664825478976e-14
4,gene_scoring_sub,CLASS,0.49382208626109064,0.3047156797153876,0.18910640654570304,0.49692653673163417,1.6554039250493702e-09
