,Method,Clustering,Gini_Marker_Genes,Gini_Housekeeping_Genes,Difference,KS_statistics,p-value
0,cicero_sub,CLASS,0.3217330491024933,0.1249934898128949,0.19673955928959838,0.6621814092953523,2.4751748661778038e-17
1,metadata_sub_label,CellType,0.5092444371955753,0.29827416642818183,0.2109702707673935,0.5422038980509745,2.2807200572572128e-11
2,ga_gam7_sub,CLASS,0.33478227541115685,0.1282123726601509,0.20656990275100595,0.6260119940029985,1.887379141862766e-15
3,ga_gam1_sub,CLASS,0.33478227541115685,0.1282123726601509,0.20656990275100595,0.6260119940029985,1.887379141862766e-15
4,gene_scoring_sub,CLASS,0.4908125109941288,0.30338251293079405,0.18742999806333477,0.5096701649175412,5.214405573994441e-10
