,Method,Clustering,Gini_Marker_Genes,Gini_Housekeeping_Genes,Difference,KS_statistics,p-value
0,cicero_sub,CLASS,0.3027835809790127,0.1737461004855543,0.1290374804934584,0.3724303013235708,5.361167642048414e-07
1,metadata_sub_label,CellType,0.5177959882894387,0.3696850361883419,0.14811095210109682,0.358437764010138,1.6788962509117766e-06
2,ga_gam7_sub,CLASS,0.3156470455877879,0.17699638913592697,0.13865065645186092,0.35862550455270814,1.6516318357417958e-06
3,ga_gam1_sub,CLASS,0.3156470455877879,0.17699638913592697,0.13865065645186092,0.35862550455270814,1.6516318357417958e-06
4,gene_scoring_sub,CLASS,0.5091522281866578,0.36987847028079796,0.13927375790585989,0.284379986858162,0.0003172485352227472
