,Method,Clustering,Gini_Marker_Genes,Gini_Housekeeping_Genes,Difference,KS_statistics,p-value
0,10k_PBMC_Multiome_Controller_rna,CLASS,0.45371871591735097,0.19404690936020616,0.25967180655714484,0.9857142857142858,2.6622370974394016e-11
1,10k_PBMC_Multiome_Controller_gagam1.u.p,CLASS,0.47106435674784586,0.19824933205330586,0.27281502469454,0.9902597402597403,3.2630564916757976e-12
2,10k_PBMC_Multiome_Controller_atac,CLASS,0.456940670446911,0.1553879878175052,0.3015526826294058,0.990909090909091,2.2530866061742927e-12
3,10k_PBMC_Multiome_Controller_gagam1.u.l,CLASS,0.4652186102047821,0.2170042354292588,0.2482143747755233,0.9886363636363636,7.533085266686612e-12
