,Method,Clustering,Gini_Marker_Genes,Gini_Housekeeping_Genes,Difference,KS_statistics,p-value
0,ga_gam1,CLASS,0.4666045352259572,0.18412881825214816,0.282475716973809,0.8440841669541221,5.24942287393735e-31
1,cicero,CLASS,0.46083540132252604,0.1810110854764858,0.27982431584604023,0.8815971024491204,1.2586304614834912e-35
2,genescoring_gam,CLASS,0.5548703451532552,0.31098542761076803,0.24388491754248715,0.7910198919167529,6.816290814805286e-26
3,cicero_2,CLASS,0.4536351204095848,0.17649540602377586,0.277139714385809,0.8774864895941129,4.646871161980628e-35
4,ATAC_clus,CLASS,0.5167911415975295,0.245282269837265,0.2715088717602645,0.8876624123260894,1.6890387115897082e-36
5,ga_gam7,CLASS,0.4611592286009342,0.18371122499476952,0.27744800360616473,0.8362366333218351,3.630104685383939e-30
