,Method,Clustering,Gini_Marker_Genes,Gini_Housekeeping_Genes,Difference,KS_statistics,p-value
0,ga_gam1,CLASS,0.45167712123439413,0.16822959681971916,0.28344752441467497,0.863319080510178,8.068291088822379e-36
1,cicero,CLASS,0.44199736763706376,0.16374453619393053,0.27825283144313323,0.8717611373021964,5.693740737627274e-37
2,genescoring_gam,CLASS,0.5629927691455724,0.2929249810021078,0.2700677881434646,0.8468552424807222,9.539045522883853e-34
3,cicero_2,CLASS,0.4336713181107749,0.16158021367763928,0.27209110443313567,0.8721631400065782,4.9986186663675704e-37
4,ATAC_clus,CLASS,0.5046975611336526,0.22927899910506716,0.27541856202858545,0.860285787377115,2.017197073925974e-35
5,ga_gam7,CLASS,0.4477067318459024,0.167690292550443,0.2800164392954594,0.8379746372839235,1.0423976340781167e-32
