,Method,Clustering,Gini_Marker_Genes,Gini_Housekeeping_Genes,Difference,KS_statistics,p-value
0,ga_gam1,CLASS,0.4452149334037981,0.16514052828784107,0.28007440511595705,0.8614004312392647,1.443506928147312e-35
1,cicero,CLASS,0.4351443444266638,0.16044026997298996,0.27470407445367384,0.875598435844023,1.6172316636570161e-37
2,genescoring_gam,CLASS,0.5566683094365023,0.28913731781555635,0.2675309916209459,0.8510762708767313,2.9345791249370106e-34
3,cicero_2,CLASS,0.42649745190339833,0.15883216793506127,0.26766528396833705,0.8686912984687352,1.5201960716502064e-36
4,ATAC_clus,CLASS,0.49758232648765355,0.22570358794978318,0.27187873853787037,0.8633556262105764,7.978816004782151e-36
5,ga_gam7,CLASS,0.4411818894092195,0.16456800088589615,0.27661388852332336,0.8372071775755582,1.2749192425115462e-32
