,Method,Clustering,Gini_Marker_Genes,Gini_Housekeeping_Genes,Difference,KS_statistics,p-value
0,10x_v1_PBMC_gagam1.u.l,CLASS,0.4095843039497936,0.22476672549277357,0.18481757845702004,0.77919341894061,5.5141540467040784e-05
1,10x_v1_PBMC_atac,CLASS,0.3785706106253982,0.24121878883123507,0.13735182179416314,0.7489967897271268,0.0001459690390395174
2,10x_v1_PBMC_gagam1.u.p,CLASS,0.42241354825471816,0.2555296889612657,0.16688385929345245,0.7041031300160514,0.0005342590627512855
