,Method,Clustering,Gini_Marker_Genes,Gini_Housekeeping_Genes,Difference,KS_statistics,p-value
0,10k_PBMC_Multiome_Controller_gagam2.n.l,CLASS,0.4787069594149361,0.1169395588523696,0.36176740056256645,0.9902597402597403,3.2630564916757976e-12
1,10k_PBMC_Multiome_Controller_rna,CLASS,0.47708934829886296,0.10843275953334172,0.3686565887655212,0.9873376623376623,1.3646084262575187e-11
2,10k_PBMC_Multiome_Controller_gagam2.n.p,CLASS,0.443557776498628,0.10931729803012225,0.33424047846850574,0.9788961038961039,2.3993806941291496e-10
3,10k_PBMC_Multiome_Controller_atac,CLASS,0.4940880614340242,0.10871894320693158,0.3853691182270926,0.9905844155844156,2.7193802765168584e-12
