,Method,Clustering,Gini_Marker_Genes,Gini_Housekeeping_Genes,Difference,KS_statistics,p-value
0,ga_gam4,CLASS,0.3050868748756961,0.12447428739810502,0.18061258747759107,0.8578178059943895,2.3781865365890553e-11
1,ga_gam1,CLASS,0.35083370588626034,0.16191843396329952,0.18891527192296081,0.8040750036911265,1.639836821887286e-09
2,cicero,CLASS,0.339646609303255,0.13570497132725848,0.20394163797599654,0.8852207293666027,1.5650813978140832e-12
3,ga_gam5,CLASS,0.3265881380633073,0.11978854997893537,0.2067995880843719,0.891746641074856,7.441824934062424e-13
4,genescoring_gam4,CLASS,0.36964145163167095,0.1602206165742747,0.20942083505739625,0.8771593090211133,3.711808638229286e-12
5,ga_gam2,CLASS,0.3480246493686395,0.11438533467510974,0.23363931469352978,0.9259117082533589,5.551115123125783e-15
6,ga_gam3,CLASS,0.3227775749889664,0.12342146503531654,0.19935610995364988,0.9132437619961612,4.496403249731884e-14
