,Method,Clustering,Gini_Marker_Genes,Gini_Housekeeping_Genes,Difference,KS_statistics,p-value
0,ga_gam4,CLASS,0.3247726774425623,0.12538532730201815,0.19938735014054412,0.8968524838832006,4.0101255649460654e-13
1,ga_gam1,CLASS,0.3605185602021645,0.1633751997889221,0.1971433604132424,0.8729616989002654,5.680567127797076e-12
2,cicero,CLASS,0.36264777347094135,0.13723362391931204,0.2254141495516293,0.9226393629124005,1.0325074129013956e-14
3,ga_gam5,CLASS,0.3559063868139244,0.12177267503030649,0.23413371178361791,0.9196056124383769,1.6431300764452317e-14
4,genescoring_gam4,CLASS,0.37777369061406946,0.16093512312247232,0.21683856749159713,0.8274554417899128,2.9935653955703856e-10
5,ga_gam2,CLASS,0.37433742078407994,0.11624882919840412,0.2580885915856758,0.9404626469472885,2.36207557959894e-16
6,ga_gam3,CLASS,0.34993352184124016,0.1250498519999815,0.22488366984125865,0.8949563898369359,5.060396546241464e-13
