,Method,Clustering,Gini_Marker_Genes,Gini_Housekeeping_Genes,Difference,KS_statistics,p-value
0,ga_gam4,CLASS,0.3247726775766411,0.12538532750456272,0.19938735007207836,0.8968524838832006,4.0101255649460654e-13
1,ga_gam1,CLASS,0.36051855963722057,0.16337520005003817,0.1971433595871824,0.8729616989002654,5.680567127797076e-12
2,cicero,CLASS,0.36264777364198203,0.13723362403236322,0.2254141496096188,0.9226393629124005,1.0325074129013956e-14
3,ga_gam5,CLASS,0.3559063873339581,0.1217726752677793,0.23413371206617878,0.9196056124383769,1.6431300764452317e-14
4,genescoring_gam4,CLASS,0.37777369079308115,0.16093512372786267,0.21683856706521848,0.8274554417899128,2.9935653955703856e-10
5,ga_gam2,CLASS,0.3743374199549162,0.11624882919614334,0.2580885907587729,0.9404626469472885,2.36207557959894e-16
6,ga_gam3,CLASS,0.3499335223164784,0.12504985218585965,0.22488367013061875,0.8949563898369359,5.060396546241464e-13
