,Method,Clustering,Gini_Marker_Genes,Gini_Housekeeping_Genes,Difference,KS_statistics,p-value
0,ga_gam4,CLASS,0.3873960153750636,,,0.40201451905626134,0.0028826855260071227
1,ga_gam1,CLASS,0.3892016645372525,,,0.29355716878402904,0.06168808978814211
2,cicero,CLASS,0.4012252159296185,,,0.32985480943738654,0.024847555548237255
3,ga_gam5,CLASS,0.3813584909732711,,,0.34502722323049,0.016424174069893938
4,genescoring_gam4,CLASS,0.4053140407255399,,,0.3777495462794918,0.00627323471597796
5,ga_gam2,CLASS,0.40582469632764995,,,0.37894736842105264,0.0060413654158261165
6,ga_gam3,CLASS,0.3892566714944203,,,0.37731397459165156,0.006356564020383204
