,Method,Clustering,Gini_Marker_Genes,Gini_Housekeeping_Genes,Difference,KS_statistics,p-value
0,10k_PBMC_Multiome_Controller_rna,CLASS,0.45371871591735097,0.1935533189924337,0.26016539692491725,0.9857142857142858,2.6622370974394016e-11
1,10k_PBMC_Multiome_Controller_gagam2.u.p,CLASS,0.4818705742246152,0.2163421643945855,0.2655284098300297,0.9876623376623377,1.1826095658307167e-11
2,10k_PBMC_Multiome_Controller_atac,CLASS,0.456940670446911,0.15495270692344895,0.301987963523462,0.990909090909091,2.2530866061742927e-12
3,10k_PBMC_Multiome_Controller_gagam2.u.l,CLASS,0.48249176864584437,0.22732651085690095,0.2551652577889434,0.9902597402597403,3.2630564916757976e-12
