,Method,Clustering,Gini_Marker_Genes,Gini_Housekeeping_Genes,Difference,KS_statistics,p-value
0,10x_v2_PBMC_atac,CLASS,0.45490006631638724,0.10453114838482075,0.3503689179315665,0.9896640826873385,5.639932965095795e-14
1,10x_v2_PBMC_gagam1.u.p,CLASS,0.4556994012186269,0.13120972995271646,0.32448967126591044,0.9896640826873385,5.639932965095795e-14
2,10x_v2_PBMC_gagam1.u.l,CLASS,0.4699711195718818,0.12544982221990642,0.3445212973519754,0.9893410852713178,6.816769371198461e-14
